[{
  "_id": {
    "$oid": "6343ef4a62e4b959a1cd1ab2"
  },
  "Name": "Carlota Llinas",
  "Postal address": "C/Balmes 120, 1r 4rta",
  "Phone": 665879544,
  "Email": "carlota@gmail.com",
  "Registration date": {
    "$date": {
      "$numberLong": "1665352800000"
    }
  },
  "Customer recommended by ": null,
  "Seller_id": {
    "$oid": "63527bcb624d917353a6d76f"
  },
  "Glasses_id": {
    "$oid": "635278aa624d917353a6d73e"
  }
},{
  "_id": {
    "$oid": "6343ef7062e4b959a1cd1ab3"
  },
  "Name": "Sara Bernad",
  "Postal address": "C/Aragó 126, 1r 2na",
  "Phone": 696379544,
  "Email": "sara@gmail.com",
  "Registration date": {
    "$date": {
      "$numberLong": "1665352800000"
    }
  },
  "Customer recommended by ": {
    "$oid": "6343ef4a62e4b959a1cd1ab2"
  },
  "Seller_id": {
    "$oid": "63527bcb624d917353a6d76f"
  },
  "Glasses_id": {
    "$oid": "6343f2b062e4b959a1cd1af6"
  }
},{
  "_id": {
    "$oid": "6343efaf62e4b959a1cd1ab4"
  },
  "Name": "Xavi Campanario",
  "Postal address": "C/Muntaner 106, 3r 2na",
  "Phone": 696393144,
  "Email": "xavi@gmail.com",
  "Registration date": {
    "$date": {
      "$numberLong": "1670626800000"
    }
  },
  "Customer recommended by ": {
    "$oid": "6343ef7062e4b959a1cd1ab3"
  },
  "Seller_id": null,
  "Glasses_id": null
}]