[{
  "_id": {
    "$oid": "6343e58a62e4b959a1cd19fd"
  },
  "Name": "Cottet",
  "Adress": {
    "Street": "C/Cartagena 180",
    "City": "Barcelona",
    "Postal Code": 8013,
    "Country": "Spain"
  },
  "Phone": 665897452,
  "Fax": {
    "$numberLong": "98242654787"
  },
  "NIF": "24787541R"
},{
  "_id": {
    "$oid": "6343e62262e4b959a1cd19fe"
  },
  "Name": "Kimer",
  "Adress": {
    "Street": "C/Marina 380",
    "City": "Barcelona",
    "Postal Code": 8018,
    "Country": "Spain"
  },
  "Phone": 654985214,
  "Fax": {
    "$numberLong": "98296654787"
  },
  "NIF": "25879648S"
}]